{"cameraMode":{"drawMode":0,"name":"Shaded","section":"Shading Mode"},"sceneLighting":false,"audioPlay":false,"sceneViewState":{"showFog":true,"showMaterialUpdate":false,"showSkybox":true,"showFlares":true,"showImageEffects":true,"showParticleSystems":true},"in2DMode":false,"pivot":{"x":-11.647930145263672,"y":0.7348132133483887,"z":-12.474593162536621},"rotation":{"x":-0.017540372908115388,"y":0.9820200800895691,"z":-0.11722452193498612,"w":-0.14692620933055879},"size":3.5844650268554689,"orthographic":false}